id,name,dataset,state,region,province,municipality,lapse_rate_code,lat,lon,utmx,utmy,altitude,value
10,Vignola,locali,ITALY,EMILIA-ROMAGNA,MODENA,VIGNOLA,0,44.5041,11.0041,659314,4.92981e+06,100,32.8
10141,Cortile di Carpi,agrmet,ITALY,EMILIA-ROMAGNA,MODENA,CARPI,0,44.7784,10.9713,655965,4.96022e+06,23,32.4
11103,Pennabilli,simnbo,ITALY,EMILIA-ROMAGNA,RIMINI,PENNABILLI,0,43.8199,12.2741,763298,4.85708e+06,629,32
11104,Cattolica,simnbo,ITALY,EMILIA-ROMAGNA,RIMINI,CATTOLICA,0,43.9585,12.7394,800020,4.87406e+06,5,36.8
11105,San Marino,simnbo,SAN MARINO,EE,EE,EE,0,43.9375,12.4465,776616,4.87071e+06,680,31.7
11282,Marzaglia,simnpr,ITALY,EMILIA-ROMAGNA,MODENA,MODENA,0,44.6371,10.806,643237,4.94423e+06,54,33.1
11832,Foce Metauro,fiduma,ITALY,MARCHE,PESARO E URBINO,FANO,0,43.8263,13.0538,825968,4.86058e+06,7,36.2
11834,Fossombrone,fiduma,ITALY,MARCHE,PESARO E URBINO,FOSSOMBRONE,0,43.6909,12.8246,808235,4.84466e+06,96,37.9
12072,Castelnovo Bariano CMT,fiduve,ITALY,VENETO,ROVIGO,CASTELNOVO BARIANO,0,45.0319,11.3269,683297,4.98913e+06,9,30
12099,Gesia-Cavarzere CMT,fiduve,ITALY,VENETO,VENEZIA,CAVARZERE,0,45.1625,12.0881,742697,5.00564e+06,1,28.3
12165,Roverchiara CMT,fiduve,ITALY,VENETO,VERONA,ROVERCHIARA,0,45.2669,11.255,676901,5.01508e+06,20,29.9
12180,Sant'Apollinare CMT,fiduve,ITALY,VENETO,ROVIGO,ROVIGO,0,45.035,11.8269,722671,4.99073e+06,2,29.7
12183,Sorga' CMT,fiduve,ITALY,VENETO,VERONA,SORGA',0,45.2189,11.0097,657792,5.00923e+06,24,29.9
12307,Loco Carchelli,fiduli,ITALY,LIGURIA,GENOVA,ROVEGNO,1,44.5542,9.28421,522573,4.93347e+06,600,27.5
12411,Bologna San Luca,simnbo,ITALY,EMILIA-ROMAGNA,BOLOGNA,BOLOGNA,0,44.4787,11.2984,682782,4.92761e+06,286,31.6
12459,Guagnino,simnbo,ITALY,EMILIA-ROMAGNA,FERRARA,COMACCHIO,0,44.6884,12.2116,754494,4.95336e+06,1,32.8
12461,Lago Scaffaiolo,simnpr,ITALY,EMILIA-ROMAGNA,MODENA,FANANO,0,44.1192,10.809,644748,4.8867e+06,1794,20
12465,Lama,spdsra,ITALY,EMILIA-ROMAGNA,FORLI-CESENA,BAGNO DI ROMAGNA,1,43.8318,11.8377,728157,4.8571e+06,715,30.6
12466,Campigna,spdsra,ITALY,EMILIA-ROMAGNA,FORLI-CESENA,SANTA SOFIA,0,43.8718,11.7472,720732,4.8613e+06,1060,27.3
12467,Diga di Ridracoli,spdsra,ITALY,EMILIA-ROMAGNA,FORLI-CESENA,BAGNO DI ROMAGNA,1,43.8701,11.8387,728087,4.86136e+06,565,32.3
12468,Capaccio,spdsra,ITALY,EMILIA-ROMAGNA,FORLI-CESENA,BAGNO DI ROMAGNA,1,43.9253,11.8919,732147,4.86764e+06,295,34.1
12474,Corniolo,spdsra,ITALY,EMILIA-ROMAGNA,FORLI-CESENA,SANTA SOFIA,1,43.9031,11.7992,724789,4.86493e+06,476,32.5
12479,Rimini Ausa,simnbo,ITALY,EMILIA-ROMAGNA,RIMINI,RIMINI,0,44.0565,12.5455,783993,4.88426e+06,10,35.6
12626,Garibaldi A.,boa,ITALY,EMILIA-ROMAGNA,RAVENNA,RAVENNA,1,44.5225,12.5114,779043,4.93591e+06,10,28.6
12627,Piomboni_Elisup,boa,ITALY,EMILIA-ROMAGNA,RAVENNA,RAVENNA,0,44.4794,12.2708,760118,4.93033e+06,5,30.2
12628,Angelina,boa,ITALY,EMILIA-ROMAGNA,RAVENNA,RAVENNA,0,44.3911,12.3436,766307,4.92075e+06,25,29
12633,Castel del Rio,simnbo,ITALY,EMILIA-ROMAGNA,BOLOGNA,CASTEL DEL RIO,1,44.2142,11.5083,700380,4.89872e+06,183,34.8
12721,Cassa Dosolo,simnbo,ITALY,EMILIA-ROMAGNA,BOLOGNA,SALA BOLOGNESE,0,44.6539,11.2686,679874,4.94701e+06,22,33.2
12731,Bigarello,fidupo,ITALY,LOMBARDIA,MANTOVA,BIGARELLO,0,45.1874,10.8867,648218,5.0055e+06,26,30.9
12760,Cavenago d'Adda,fidupo,ITALY,LOMBARDIA,LODI,CAVENAGO D'ADDA,0,45.2699,9.56172,544064,5.01309e+06,67,28.3
12781,Goito,fidupo,ITALY,LOMBARDIA,MANTOVA,GOITO,0,45.2627,10.662,630393,5.01347e+06,42,31.1
12806,Palidano di Gonzaga,fidupo,ITALY,LOMBARDIA,MANTOVA,GONZAGA,0,44.9593,10.7573,638600,4.97993e+06,20,32.2
12809,Passo del Giova',fidupo,ITALY,LOMBARDIA,PAVIA,SANTA MARGHERITA DI STAFFORA,0,44.6832,9.21615,517130,4.94778e+06,1363,21.3
12812,Persico Dosimo,fidupo,ITALY,LOMBARDIA,CREMONA,PERSICO DOSIMO,0,45.1637,10.0588,583212,5.00168e+06,44,30.9
12830,S.Angelo Lodigiano,fidupo,ITALY,LOMBARDIA,LODI,SANT'ANGELO LODIGIANO,0,45.2607,9.37965,529786,5.01198e+06,60,27.7
12832,S.Colombano al Lambro meteo,fidupo,ITALY,LOMBARDIA,MILANO,SAN COLOMBANO AL LAMBRO,0,45.1871,9.48623,538198,5.00385e+06,80,30.3
12847,Sermide,fidupo,ITALY,LOMBARDIA,MANTOVA,SERMIDE,0,45.0149,11.2933,680703,4.98716e+06,10,29.4
12860,Varzi Nivione (ersaf),fidupo,ITALY,LOMBARDIA,PAVIA,VARZI,0,44.8065,9.17837,514106,4.96147e+06,560,31.5
12865,Anita,profe,ITALY,EMILIA-ROMAGNA,FERRARA,ARGENTA,0,44.5653,12.0469,741952,4.93918e+06,-4,31.21
12867,Bondeno,profe,ITALY,EMILIA-ROMAGNA,FERRARA,BONDENO,0,44.9217,11.3372,684461,4.97691e+06,5,32.11
12868,Copparo,profe,ITALY,EMILIA-ROMAGNA,FERRARA,COPPARO,0,44.9216,11.7999,720979,4.97806e+06,0,32.11
12869,Diamantina,profe,ITALY,EMILIA-ROMAGNA,FERRARA,VIGARANO MAINARDA,0,44.8859,11.5117,698352,4.97334e+06,5,32.11
12870,Jolanda di Savoia,profe,ITALY,EMILIA-ROMAGNA,FERRARA,JOLANDA DI SAVOIA,0,44.8828,11.933,731640,4.97412e+06,0,30.91
12872,Mesola,profe,ITALY,EMILIA-ROMAGNA,FERRARA,MESOLA,0,44.9193,12.1726,750401,4.97888e+06,-3,33.21
12874,Ostellato,profe,ITALY,EMILIA-ROMAGNA,FERRARA,OSTELLATO,0,44.748,11.9427,732945,4.95917e+06,-2,32.71
12875,Poggio Renatico,profe,ITALY,EMILIA-ROMAGNA,FERRARA,POGGIO RENATICO,0,44.7491,11.483,696547,4.95808e+06,5,33.31
12877,Quartesana,profe,ITALY,EMILIA-ROMAGNA,FERRARA,FERRARA,0,44.8183,11.749,717347,4.96644e+06,2,33.01
12878,San Bartolomeo in Bosco,profe,ITALY,EMILIA-ROMAGNA,FERRARA,FERRARA,0,44.7414,11.6066,706360,4.95753e+06,8,32.31
12921,Cabella Ligure,fidupo,ITALY,PIEMONTE,ALESSANDRIA,CABELLA LIGURE,1,44.6739,9.09194,507288,4.94673e+06,480,29.5
12948,Chioggia S.Anna CMT,fiduve,ITALY,VENETO,VENEZIA,CHIOGGIA,0,45.1439,12.2761,757560,5.00416e+06,-1,28.4
12981,Passo del Brattello,fiduto,ITALY,TOSCANA,MASSA CARRARA,PONTREMOLI,0,44.4562,9.82296,565472,4.92287e+06,955,25.5
12982,Passo del Cerreto,fiduto,ITALY,TOSCANA,MASSA CARRARA,FIVIZZANO,0,44.3042,10.2168,597054,4.90638e+06,1250,23.1
12994,Paderno,simnbo,ITALY,EMILIA-ROMAGNA,BOLOGNA,BOLOGNA,0,44.4556,11.3108,683847,4.92507e+06,194,32.5
12997,San Cassiano sul Lamone,simnbo,ITALY,EMILIA-ROMAGNA,RAVENNA,BRISIGHELLA,1,44.1483,11.6914,715244,4.89187e+06,226,33.7
13038,Foce a Giovo,fiduto,ITALY,TOSCANA,LUCCA,COREGLIA ANTELMINELLI,0,44.1182,10.6093,628766,4.88626e+06,1674,20.1
13064,Acquerino,fiduto,ITALY,TOSCANA,PISTOIA,SAMBUCA PISTOIESE,0,44.0232,11.0253,662312,4.87645e+06,950,26.9
13105,Giogo,fiduto,ITALY,TOSCANA,FIRENZE,FIRENZUOLA,0,44.0474,11.3893,691412,4.87991e+06,880,27.6
13129,Passo Radici,fiduto,ITALY,TOSCANA,LUCCA,CASTIGLIONE DI GARFAGNANA,0,44.1971,10.4867,618800,4.89483e+06,1637,21.4
13158,Sestino,fiduto,ITALY,TOSCANA,AREZZO,SESTINO,0,43.7496,12.2747,763651,4.84928e+06,1000,28.3
14101,Bologna idrografico,simnbo,ITALY,EMILIA-ROMAGNA,BOLOGNA,BOLOGNA,1,44.4997,11.3461,686512,4.93006e+06,84,33.7
14387,Porto Garibaldi,marefe,ITALY,EMILIA-ROMAGNA,FERRARA,COMACCHIO,1,44.6767,12.2494,757544,4.95217e+06,0,29.1
14423,Castagneto,fiduto,ITALY,TOSCANA,FIRENZE,SAN GODENZO,0,43.9394,11.6427,712092,4.86854e+06,918,27.7
14598,Marina di Ravenna,claster,ITALY,EMILIA-ROMAGNA,RAVENNA,RAVENNA,0,44.4804,12.2774,760639,4.93046e+06,-1,31.2
14600,Riola di Vergato,claster,ITALY,EMILIA-ROMAGNA,BOLOGNA,GRIZZANA MORANDI,1,44.2303,11.0591,664446,4.89951e+06,254,34.15
14601,Rocca San Casciano,claster,ITALY,EMILIA-ROMAGNA,FORLI-CESENA,ROCCA SAN CASCIANO,1,44.0536,11.8417,727626,4.88175e+06,250,33.07
14602,Corniolo,claster,ITALY,EMILIA-ROMAGNA,FORLI-CESENA,SANTA SOFIA,1,43.9071,11.7931,724290,4.86535e+06,553,33.18
14603,Diga di Pavana,claster,ITALY,EMILIA-ROMAGNA,BOLOGNA,CASTEL DI CASIO,1,44.1183,11.0056,660479,4.88697e+06,474,31.69
14604,Diga di Brasimone,claster,ITALY,EMILIA-ROMAGNA,BOLOGNA,CAMUGNANO,1,44.1289,11.1175,669402,4.88837e+06,840,27.5
14605,Diga di Suviana,claster,ITALY,EMILIA-ROMAGNA,BOLOGNA,CAMUGNANO,1,44.1342,11.0428,663410,4.8888e+06,478,30.84
14606,Fosso Ghiaia,claster,ITALY,EMILIA-ROMAGNA,RAVENNA,RAVENNA,0,44.3531,12.2651,760218,4.91628e+06,-2,31.91
14607,Codigoro,claster,ITALY,EMILIA-ROMAGNA,FERRARA,CODIGORO,0,44.8352,12.0981,744879,4.96931e+06,1,32.38
14608,Monzuno,claster,ITALY,EMILIA-ROMAGNA,BOLOGNA,MONZUNO,0,44.28,11.2617,680478,4.90546e+06,613,29.74
14609,Diga di Quarto,claster,ITALY,EMILIA-ROMAGNA,FORLI-CESENA,SARSINA,1,43.8906,12.0861,747885,4.86435e+06,336,37.11
14709,Aguscello,profe,ITALY,EMILIA-ROMAGNA,FERRARA,FERRARA,0,44.7971,11.6474,709394,4.96382e+06,3,33.21
14711,Bando,profe,ITALY,EMILIA-ROMAGNA,FERRARA,PORTOMAGGIORE,0,44.6619,11.8522,726120,4.94935e+06,-2,32.71
14715,Castelbolognese,profe,ITALY,EMILIA-ROMAGNA,RAVENNA,CASTEL BOLOGNESE,0,44.347,11.7894,722333,4.9142e+06,28,31.31
14717,Contane,profe,ITALY,EMILIA-ROMAGNA,FERRARA,JOLANDA DI SAVOIA,0,44.9276,12.0142,737864,4.97933e+06,-6,30.81
14719,Corte Centrale,profe,ITALY,EMILIA-ROMAGNA,FERRARA,FISCAGLIA,0,44.7872,12.0276,739505,4.96377e+06,-2,32.61
14721,Dosso,profe,ITALY,EMILIA-ROMAGNA,FERRARA,TERRE DEL RENO,0,44.7793,11.3449,685519,4.96111e+06,8,32.11
14723,Final di Rero,profe,ITALY,EMILIA-ROMAGNA,FERRARA,TRESIGNANA,0,44.8108,11.8677,726759,4.96594e+06,-2,33.01
14725,Gaibanella,profe,ITALY,EMILIA-ROMAGNA,FERRARA,FERRARA,0,44.769,11.6626,710698,4.96074e+06,3,31.51
14727,Giralda,profe,ITALY,EMILIA-ROMAGNA,FERRARA,CODIGORO,0,44.8138,12.2002,753038,4.96725e+06,-2,32.41
14735,Mezzano nord-ovest,profe,ITALY,EMILIA-ROMAGNA,FERRARA,PORTOMAGGIORE,0,44.6696,11.8985,729753,4.95034e+06,-4,33.31
14737,Mezzogoro,profe,ITALY,EMILIA-ROMAGNA,FERRARA,CODIGORO,0,44.8892,12.0737,742720,4.97524e+06,-6,30.21
14743,Ponzano,profe,ITALY,EMILIA-ROMAGNA,BOLOGNA,VALSAMOGGIA,0,44.4172,11.0993,667131,4.92035e+06,221,31.61
14745,San Biagio,profe,ITALY,EMILIA-ROMAGNA,FERRARA,ARGENTA,0,44.5946,11.8713,727897,4.94192e+06,0,32.31
14749,Sandolo,profe,ITALY,EMILIA-ROMAGNA,FERRARA,PORTOMAGGIORE,0,44.7233,11.8066,722264,4.95604e+06,-1,32.71
2,Finale Emilia,locali,ITALY,EMILIA-ROMAGNA,MODENA,FINALE EMILIA,0,44.8391,11.284,680519,4.96761e+06,12,32.8
2286,San Pancrazio,locali,ITALY,EMILIA-ROMAGNA,PARMA,PARMA,0,44.8081,10.2724,600623,4.96242e+06,59,31.25
2290,Castelfranco Emilia,agrmet,ITALY,EMILIA-ROMAGNA,MODENA,CASTELFRANCO EMILIA,0,44.6313,11.0295,660981,4.944e+06,32,33
2291,Sasso Marconi Arpa,locali,ITALY,EMILIA-ROMAGNA,BOLOGNA,SASSO MARCONI,0,44.4397,11.2413,678359,4.92315e+06,275,32.2
2292,Sant'Agata sul Santerno,agrmet,ITALY,EMILIA-ROMAGNA,RAVENNA,SANT'AGATA SUL SANTERNO,0,44.4485,11.8667,728096,4.92569e+06,10,32.6
2295,San Pietro in Vincoli,agrmet,ITALY,EMILIA-ROMAGNA,RAVENNA,RAVENNA,0,44.3139,12.1602,752029,4.9116e+06,5,33.8
2297,Vergiano,agrmet,ITALY,EMILIA-ROMAGNA,RIMINI,RIMINI,0,44.0346,12.5005,780493,4.88167e+06,36,36.5
2301,Sant'Agata Bolognese,agrmet,ITALY,EMILIA-ROMAGNA,BOLOGNA,SANT'AGATA BOLOGNESE,0,44.695,11.1449,669948,4.95131e+06,18,33.4
2303,Copparo,agrmet,ITALY,EMILIA-ROMAGNA,FERRARA,COPPARO,0,44.9163,11.8213,722686,4.97753e+06,1,31.7
2305,Correggio,agrmet,ITALY,EMILIA-ROMAGNA,REGGIO EMILIA,CORREGGIO,0,44.7433,10.7729,640357,4.95596e+06,33,34.1
2306,Cavriago,agrmet,ITALY,EMILIA-ROMAGNA,REGGIO EMILIA,CAVRIAGO,0,44.6895,10.5106,619702,4.94957e+06,95,31.7
2979,Settefonti,locali,ITALY,EMILIA-ROMAGNA,BOLOGNA,OZZANO DELL'EMILIA,0,44.4027,11.4621,696057,4.91955e+06,321,30.7
2981,Rolo,locali,ITALY,EMILIA-ROMAGNA,REGGIO EMILIA,ROLO,0,44.8848,10.874,647996,4.97186e+06,20,32.2
3,Malborghetto di Boara,locali,ITALY,EMILIA-ROMAGNA,FERRARA,FERRARA,0,44.8589,11.6563,709867,4.97071e+06,2,32.69
3000,Ca' Bortolani,simnbo,ITALY,EMILIA-ROMAGNA,BOLOGNA,VALSAMOGGIA,0,44.3468,11.0845,666151,4.91251e+06,691,30.1
3001,Pracchia,simnbo,ITALY,TOSCANA,PISTOIA,PISTOIA,1,44.054,10.9056,652640,4.87964e+06,620,29.5
3004,Invaso,simnbo,ITALY,EMILIA-ROMAGNA,BOLOGNA,SAN BENEDETTO VAL DI SAMBRO,1,44.2263,11.2226,677515,4.89941e+06,460,32.4
3011,Sestola,simnpr,ITALY,EMILIA-ROMAGNA,MODENA,SESTOLA,0,44.2321,10.7687,641252,4.89918e+06,985,30.5
3012,Pievepelago,simnpr,ITALY,EMILIA-ROMAGNA,MODENA,PIEVEPELAGO,0,44.1943,10.5772,626041,4.89466e+06,1083,31.1
3013,Pavullo,simnpr,ITALY,EMILIA-ROMAGNA,MODENA,PAVULLO NEL FRIGNANO,1,44.3196,10.8283,645790,4.90899e+06,687,31
3015,Bardi,simnpr,ITALY,EMILIA-ROMAGNA,PARMA,BARDI,0,44.6338,9.73284,558125,4.94253e+06,597,30.5
3016,Bedonia,simnpr,ITALY,EMILIA-ROMAGNA,PARMA,BEDONIA,1,44.5074,9.62674,549818,4.92843e+06,521,30.1
3017,Castelnovo ne' Monti,simnpr,ITALY,EMILIA-ROMAGNA,REGGIO EMILIA,CASTELNOVO NE' MONTI,0,44.4349,10.3947,610999,4.92112e+06,729,28.6
3020,Isola Palanzano,simnpr,ITALY,EMILIA-ROMAGNA,PARMA,PALANZANO,1,44.4284,10.1622,592503,4.92011e+06,597,30.6
3021,Lagdei,simnpr,ITALY,EMILIA-ROMAGNA,PARMA,CORNIGLIO,1,44.4123,10.0085,580297,4.91816e+06,1252,24.9
3022,Marra,simnpr,ITALY,EMILIA-ROMAGNA,PARMA,CORNIGLIO,1,44.4734,10.0475,583309,4.92499e+06,618,31.6
3029,Monte Grosso,spdsra,ITALY,EMILIA-ROMAGNA,FORLI-CESENA,ROCCA SAN CASCIANO,0,44.0715,11.8718,729972,4.88383e+06,670,28.7
3030,Rontana,spdsra,ITALY,EMILIA-ROMAGNA,RAVENNA,BRISIGHELLA,0,44.227,11.7378,718668,4.90073e+06,370,29.9
3031,Corsicchie,spdsra,ITALY,EMILIA-ROMAGNA,FORLI-CESENA,BAGNO DI ROMAGNA,0,43.846,12.0357,744020,4.85925e+06,1200,27.9
3033,Civitella,spdsra,ITALY,EMILIA-ROMAGNA,FORLI-CESENA,CIVITELLA DI ROMAGNA,0,43.9935,11.9453,736167,4.87537e+06,460,35.1
3042,Voltre,spdsra,ITALY,EMILIA-ROMAGNA,FORLI-CESENA,CIVITELLA DI ROMAGNA,0,44.0325,12.0433,743862,4.87998e+06,270,33.7
3044,Trebbio,spdsra,ITALY,EMILIA-ROMAGNA,FORLI-CESENA,MODIGLIANA,0,44.1366,11.837,726938,4.89096e+06,570,30
3045,Monte Iottone,spdsra,ITALY,EMILIA-ROMAGNA,FORLI-CESENA,MERCATO SARACENO,0,43.9969,12.1687,754062,4.87641e+06,365,33.2
3048,Roversano,spdsra,ITALY,EMILIA-ROMAGNA,FORLI-CESENA,CESENA,0,44.0857,12.2068,756738,4.88639e+06,175,33.5
3049,Bibbiana,spdsra,ITALY,TOSCANA,FIRENZE,PALAZZUOLO SUL SENIO,0,44.1296,11.5126,701007,4.88934e+06,858,30.1
3050,Corniolo,spdsra,ITALY,EMILIA-ROMAGNA,FORLI-CESENA,SANTA SOFIA,0,43.9243,11.7933,724239,4.86725e+06,735,30.6
3060,Madonna dei Fornelli,simnbo,ITALY,EMILIA-ROMAGNA,BOLOGNA,SAN BENEDETTO VAL DI SAMBRO,0,44.2157,11.2568,680282,4.89831e+06,900,26.2
3062,Monteacuto delle Alpi,simnbo,ITALY,EMILIA-ROMAGNA,BOLOGNA,LIZZANO IN BELVEDERE,0,44.1364,10.8874,650975,4.88875e+06,900,29.4
3077,Diga del Brugneto,simnpr,ITALY,LIGURIA,GENOVA,TORRIGLIA,1,44.5339,9.20825,516546,4.9312e+06,744,26.2
3078,Lago Paduli,simnpr,ITALY,TOSCANA,MASSA CARRARA,COMANO,0,44.3458,10.1385,590743,4.91091e+06,1151,24.8
3080,Torriglia,simnpr,ITALY,LIGURIA,GENOVA,TORRIGLIA,1,44.5149,9.15454,512283,4.92907e+06,769,26.1
3104,Vergato,simnbo,ITALY,EMILIA-ROMAGNA,BOLOGNA,VERGATO,1,44.2878,11.1131,668598,4.90601e+06,193,32.9
3142,Porretta Terme,simnbo,ITALY,EMILIA-ROMAGNA,BOLOGNA,ALTO RENO TERME,1,44.154,10.9773,658118,4.89088e+06,352,31.5
3143,Imola,simnbo,ITALY,EMILIA-ROMAGNA,BOLOGNA,IMOLA,0,44.3453,11.7129,716242,4.91381e+06,42,33.2
3148,Saletto,simnbo,ITALY,EMILIA-ROMAGNA,BOLOGNA,BENTIVOGLIO,0,44.6323,11.4411,693626,4.94501e+06,18,32.3
3172,Ostia Parmense,simnpr,ITALY,EMILIA-ROMAGNA,PARMA,BORGO VAL DI TARO,1,44.5141,9.84219,566936,4.92932e+06,354,31.7
3202,Quarto,spdsra,ITALY,EMILIA-ROMAGNA,FORLI-CESENA,SARSINA,1,43.8921,12.0952,748607,4.86455e+06,247,35
4,Martorano,locali,ITALY,EMILIA-ROMAGNA,FORLI-CESENA,CESENA,0,44.1661,12.268,761279,4.89552e+06,25,35.4
4058,Fortunago,fidupo,ITALY,LOMBARDIA,PAVIA,FORTUNAGO,0,44.9126,9.19497,515390,4.97326e+06,501,29.2
4059,Casanova,fidupo,ITALY,LOMBARDIA,PAVIA,SANTA MARGHERITA DI STAFFORA,1,44.7668,9.2381,518842,4.95707e+06,562,29.6
4166,Voghera,fidupo,ITALY,LOMBARDIA,PAVIA,VOGHERA,0,44.9903,9.01748,501378,4.98188e+06,93,29.3
5301,Bobbio,simnpr,ITALY,EMILIA-ROMAGNA,PIACENZA,BOBBIO,1,44.7551,9.38369,530370,4.95582e+06,272,32.1
53010,Gainago,agrmet,ITALY,EMILIA-ROMAGNA,PARMA,TORRILE,0,44.8855,10.3807,609037,4.97116e+06,28,31.8
53016,Riccione Urbana,rmap,ITALY,EMILIA-ROMAGNA,RIMINI,RICCIONE,1,44.0003,12.6552,793055,4.87841e+06,22,36.07
53065,Borgonovo - Genesi,rmap,ITALY,EMILIA-ROMAGNA,PIACENZA,BORGONOVO VAL TIDONE,0,44.9682,9.43506,534308,4.97951e+06,164,31.58
53066,Vicomarino,rmap,ITALY,EMILIA-ROMAGNA,PIACENZA,ZIANO PIACENTINO,0,44.9806,9.38482,530340,4.98087e+06,234,29.94
53069,Albareto - Caraffini,rmap,ITALY,EMILIA-ROMAGNA,PIACENZA,ZIANO PIACENTINO,0,44.98,9.41685,532866,4.98081e+06,254,29.26
53083,GIRALDA,locali,ITALY,EMILIA-ROMAGNA,CODIGORO,FERRARA,0,44.8138,12.2483,756848,4.9674e+06,-1,33.02
53084,UMANA,locali,ITALY,EMILIA-ROMAGNA,ARGENTA,FERRARA,0,44.5734,12.1013,746242,4.94024e+06,-1,31.6
53085,MARTINELLA,locali,ITALY,EMILIA-ROMAGNA,OSTELLATO,FERRARA,0,44.711,11.8848,728510,4.95489e+06,-3,33.3
53128,Novafeltria,simnbo,ITALY,EMILIA-ROMAGNA,RIMINI,NOVAFELTRIA,0,43.9011,12.2861,763904,4.86614e+06,331,35.7
53129,Saludecio,simnbo,ITALY,EMILIA-ROMAGNA,RIMINI,SALUDECIO,0,43.8739,12.6697,794847,4.86442e+06,328,35
53133,Tredozio,simnbo,ITALY,EMILIA-ROMAGNA,FORLI-CESENA,TREDOZIO,1,44.082,11.7453,719804,4.88465e+06,330,33.6
53134,Premilcuore,simnbo,ITALY,EMILIA-ROMAGNA,FORLI-CESENA,PREMILCUORE,1,43.9849,11.7871,723512,4.87398e+06,427,34.5
53138,Verghereto,simnbo,ITALY,EMILIA-ROMAGNA,FORLI-CESENA,VERGHERETO,0,43.7942,12.0047,741737,4.8534e+06,805,32.8
53148,Villa Ghigi,simnbo,ITALY,EMILIA-ROMAGNA,BOLOGNA,BOLOGNA,0,44.4761,11.3256,684953,4.92739e+06,203,31.1
53149,Frassinoro,simnpr,ITALY,EMILIA-ROMAGNA,MODENA,FRASSINORO,0,44.2947,10.5748,625635,4.90581e+06,1105,27.2
5317,Santo Stefano d'Aveto,simnpr,ITALY,LIGURIA,GENOVA,SANTO STEFANO D'AVETO,1,44.5459,9.45005,535750,4.93261e+06,1007,27.1
5343,Monteombraro,simnbo,ITALY,EMILIA-ROMAGNA,MODENA,ZOCCA,0,44.3763,11.0088,660029,4.91563e+06,700,28.8
5345,Cottede,simnbo,ITALY,EMILIA-ROMAGNA,BOLOGNA,CASTIGLIONE DEI PEPOLI,0,44.1096,11.1693,673603,4.88634e+06,794,29.9
5346,Firenzuola,simnbo,ITALY,TOSCANA,FIRENZE,FIRENZUOLA,1,44.1219,11.3745,689984,4.88815e+06,476,34.4
5356,Casoni di Romagna,simnbo,ITALY,EMILIA-ROMAGNA,BOLOGNA,MONTERENZIO,0,44.2536,11.4254,693622,4.9029e+06,708,28.8
5360,Casteldelci,simnbo,ITALY,EMILIA-ROMAGNA,RIMINI,CASTELDELCI,0,43.7882,12.1427,752866,4.85315e+06,720,32.6
5385,Sassostorno,simnpr,ITALY,EMILIA-ROMAGNA,MODENA,LAMA MOCOGNO,0,44.2594,10.6741,633632,4.90205e+06,971,30.4
5391,Nociveglia,simnpr,ITALY,EMILIA-ROMAGNA,PARMA,BEDONIA,0,44.5471,9.61004,548458,4.93282e+06,855,25.9
5392,Doccia di Fiumalbo,simnpr,ITALY,EMILIA-ROMAGNA,MODENA,FIUMALBO,0,44.1901,10.6731,633712,4.89435e+06,1371,26.9
5398,Lago Ballano,simnpr,ITALY,EMILIA-ROMAGNA,PARMA,MONCHIO DELLE CORTI,0,44.3695,10.1021,587808,4.9135e+06,1339,25.7
5400,Ligonchio,simnpr,ITALY,EMILIA-ROMAGNA,REGGIO EMILIA,VENTASSO,0,44.317,10.3449,607253,4.90796e+06,900,29.2
5401,Neviano Arduini,simnpr,ITALY,EMILIA-ROMAGNA,PARMA,NEVIANO DEGLI ARDUINI,0,44.5834,10.3138,604292,4.93751e+06,513,30.6
5402,Montegroppo,simnpr,ITALY,EMILIA-ROMAGNA,PARMA,ALBARETO,1,44.4188,9.68641,554643,4.91862e+06,656,28.2
5404,Pianello Val Tidone,simnpr,ITALY,EMILIA-ROMAGNA,PIACENZA,PIANELLO VAL TIDONE,0,44.9371,9.43104,534010,4.97606e+06,410,30.2
5405,Bosco di Corniglio,simnpr,ITALY,EMILIA-ROMAGNA,PARMA,CORNIGLIO,0,44.439,10.0335,582249,4.92115e+06,902,28.3
5406,Salsomaggiore,simnpr,ITALY,EMILIA-ROMAGNA,PARMA,SALSOMAGGIORE TERME,0,44.819,9.99125,578371,4.96332e+06,146,31
5407,Casoni di Santa Maria di Taro,simnpr,ITALY,EMILIA-ROMAGNA,PARMA,TORNOLO,1,44.4375,9.4807,538256,4.92058e+06,853,26.2
5408,La Stella,simnpr,ITALY,EMILIA-ROMAGNA,REGGIO EMILIA,CASINA,0,44.5299,10.4907,618448,4.93181e+06,729,27.2
5409,Febbio,simnpr,ITALY,EMILIA-ROMAGNA,REGGIO EMILIA,VILLA MINOZZO,1,44.2979,10.4275,613874,4.90595e+06,1148,29
5410,Farneta,simnpr,ITALY,EMILIA-ROMAGNA,MODENA,MONTEFIORINO,0,44.3499,10.5701,625142,4.91193e+06,703,30.7
5412,Collagna,simnpr,ITALY,EMILIA-ROMAGNA,REGGIO EMILIA,VENTASSO,0,44.3448,10.2712,601326,4.91095e+06,832,28.7
5413,Montese,simnpr,ITALY,EMILIA-ROMAGNA,MODENA,MONTESE,0,44.2769,10.9421,654977,4.90446e+06,920,29
5416,Trebbia Valsigiara,simnpr,ITALY,EMILIA-ROMAGNA,PIACENZA,OTTONE,1,44.6402,9.33012,526180,4.94304e+06,462,29.9
5422,Ponte Cavola,simnpr,ITALY,EMILIA-ROMAGNA,REGGIO EMILIA,CARPINETI,1,44.4093,10.523,621264,4.91847e+06,367,30.8
5423,Berceto,simnpr,ITALY,EMILIA-ROMAGNA,PARMA,BERCETO,0,44.5105,9.98301,578133,4.92904e+06,758,27.5
5424,Villa Minozzo,simnpr,ITALY,EMILIA-ROMAGNA,REGGIO EMILIA,VILLA MINOZZO,0,44.3625,10.46,616342,4.91318e+06,704,28.7
5429,Badia Tedalda,simnbo,ITALY,TOSCANA,AREZZO,BADIA TEDALDA,0,43.6922,12.1362,752746,4.84247e+06,850,29.1
5442,Serramazzoni,simnpr,ITALY,EMILIA-ROMAGNA,MODENA,SERRAMAZZONI,0,44.4289,10.7871,642242,4.92106e+06,826,28.9
5444,Cesenatico porto,spdsra,ITALY,EMILIA-ROMAGNA,FORLI-CESENA,CESENATICO,1,44.2065,12.4013,771755,4.90043e+06,1,35
5452,Barco,simnbo,ITALY,TOSCANA,FIRENZE,FIRENZUOLA,0,44.0609,11.3982,692081,4.88143e+06,720,29.5
5458,Monghidoro,simnbo,ITALY,EMILIA-ROMAGNA,BOLOGNA,MONGHIDORO,0,44.2252,11.3236,685591,4.89951e+06,825,28.8
5459,Treppio,simnbo,ITALY,TOSCANA,PISTOIA,SAMBUCA PISTOIESE,1,44.0816,11.033,662768,4.88294e+06,650,31.6
5463,San Valentino,simnpr,ITALY,EMILIA-ROMAGNA,REGGIO EMILIA,CASTELLARANO,0,44.5237,10.6992,635028,4.93145e+06,302,31.8
5464,Ramiseto,simnpr,ITALY,EMILIA-ROMAGNA,REGGIO EMILIA,VENTASSO,0,44.4114,10.2756,601562,4.91836e+06,798,28
5465,Predolo,simnpr,ITALY,EMILIA-ROMAGNA,REGGIO EMILIA,CASTELNOVO NE' MONTI,0,44.4844,10.4468,615045,4.9267e+06,751,27.7
5466,Musiara Superiore,simnpr,ITALY,EMILIA-ROMAGNA,PARMA,TIZZANO VAL PARMA,0,44.4985,10.1784,593679,4.92792e+06,982,28.9
5467,Campora di Sasso,simnpr,ITALY,EMILIA-ROMAGNA,PARMA,NEVIANO DEGLI ARDUINI,0,44.5212,10.2755,601366,4.93056e+06,649,30.2
5468,Grammatica,simnpr,ITALY,EMILIA-ROMAGNA,PARMA,CORNIGLIO,0,44.4383,10.0929,586974,4.92113e+06,980,30.2
5469,Casaselvatica,simnpr,ITALY,EMILIA-ROMAGNA,PARMA,BERCETO,0,44.5478,10.0356,582264,4.93324e+06,834,31
5470,Bettola,simnpr,ITALY,EMILIA-ROMAGNA,PIACENZA,BETTOLA,0,44.7955,9.63362,550116,4.96043e+06,600,28
5471,Selva Ferriere,simnpr,ITALY,EMILIA-ROMAGNA,PIACENZA,FERRIERE,0,44.5868,9.48245,538297,4.93716e+06,1109,27
5472,Cassimoreno,simnpr,ITALY,EMILIA-ROMAGNA,PIACENZA,FERRIERE,0,44.6362,9.57935,545949,4.9427e+06,881,28.4
5475,Selvanizza,simnpr,ITALY,EMILIA-ROMAGNA,PARMA,PALANZANO,1,44.44,10.2357,598334,4.92149e+06,474,30.5
5482,San Michele,simnpr,ITALY,EMILIA-ROMAGNA,PIACENZA,MORFASSO,0,44.7627,9.70231,555580,4.95683e+06,662,28.3
5483,Tarsogno,simnpr,ITALY,EMILIA-ROMAGNA,PARMA,TORNOLO,0,44.4467,9.61803,549177,4.92167e+06,852,24.8
5484,Varano Marchesi,simnpr,ITALY,EMILIA-ROMAGNA,PARMA,MEDESANO,0,44.7334,10.0236,581051,4.95385e+06,434,31.5
5487,Salsominore,simnpr,ITALY,EMILIA-ROMAGNA,PIACENZA,FERRIERE,1,44.6327,9.40531,532148,4.94223e+06,408,31.3
5499,Piandelagotti,simnpr,ITALY,EMILIA-ROMAGNA,MODENA,FRASSINORO,0,44.2371,10.5163,621087,4.89933e+06,1219,27.7
5501,Lago Pratignano,simnpr,ITALY,EMILIA-ROMAGNA,MODENA,FANANO,0,44.1774,10.8178,645306,4.89318e+06,1319,25.9
5509,Civago,simnpr,ITALY,EMILIA-ROMAGNA,REGGIO EMILIA,VILLA MINOZZO,0,44.2472,10.4658,617030,4.90037e+06,1051,28.3
5510,Ospitaletto,simnpr,ITALY,EMILIA-ROMAGNA,REGGIO EMILIA,VENTASSO,0,44.297,10.3167,605035,4.9057e+06,1150,26.2
5512,Canossa,simnpr,ITALY,EMILIA-ROMAGNA,REGGIO EMILIA,CANOSSA,0,44.5659,10.4658,616398,4.93577e+06,516,29.9
5540,Roncovetro,simnpr,ITALY,EMILIA-ROMAGNA,REGGIO EMILIA,CANOSSA,0,44.5177,10.3814,609781,4.9303e+06,571,30.7
5541,Polinago,simnpr,ITALY,EMILIA-ROMAGNA,MODENA,POLINAGO,0,44.3436,10.7298,637880,4.9115e+06,754,31.3
5544,Teruzzi,simnpr,ITALY,EMILIA-ROMAGNA,PIACENZA,MORFASSO,0,44.695,9.68524,554293,4.9493e+06,1077,24.1
5548,Casalporino,simnpr,ITALY,EMILIA-ROMAGNA,PARMA,BEDONIA,0,44.5271,9.54738,543496,4.93057e+06,925,27
5549,Mormorola,simnpr,ITALY,EMILIA-ROMAGNA,PARMA,VALMOZZOLA,1,44.5688,9.88653,570394,4.93543e+06,556,30.5
5553,Albareto Parma,simnpr,ITALY,EMILIA-ROMAGNA,PARMA,ALBARETO,1,44.4469,9.69847,555577,4.92174e+06,495,31.6
5554,Farfanaro,simnpr,ITALY,EMILIA-ROMAGNA,PARMA,COMPIANO,0,44.5667,9.67953,553960,4.93504e+06,787,27.9
5555,Varsi,simnpr,ITALY,EMILIA-ROMAGNA,PARMA,VARSI,1,44.6494,9.82106,565105,4.94433e+06,451,29.9
5556,Valdena,simnpr,ITALY,EMILIA-ROMAGNA,PARMA,BORGO VAL DI TARO,0,44.4441,9.78421,562402,4.9215e+06,762,27.5
5558,Frassineto,simnpr,ITALY,EMILIA-ROMAGNA,PARMA,BARDI,1,44.5816,9.58508,546447,4.93664e+06,824,26.6
5559,Guiglia,simnpr,ITALY,EMILIA-ROMAGNA,MODENA,GUIGLIA,0,44.4325,10.9924,658577,4.92184e+06,456,30.6
5560,Baiso,simnpr,ITALY,EMILIA-ROMAGNA,REGGIO EMILIA,BAISO,0,44.4991,10.6057,627652,4.92856e+06,550,30.6
5561,Cabanne,simnpr,ITALY,LIGURIA,GENOVA,REZZOAGLIO,1,44.4952,9.34647,527546,4.92693e+06,848,27.2
5565,Alpe Gorreto,simnpr,ITALY,LIGURIA,GENOVA,GORRETO,0,44.6037,9.23553,518690,4.93896e+06,849,26
5566,Barbagelata,simnpr,ITALY,LIGURIA,GENOVA,MONTEBRUNO,0,44.481,9.24207,519251,4.92532e+06,1116,24.2
5567,Gropparello,simnpr,ITALY,EMILIA-ROMAGNA,PIACENZA,GROPPARELLO,1,44.8251,9.7255,557354,4.96378e+06,341,29.6
5568,Rovegno,simnpr,ITALY,LIGURIA,GENOVA,ROVEGNO,1,44.5734,9.28496,522625,4.9356e+06,745,28.9
5569,Passo delle Radici,simnpr,ITALY,TOSCANA,LUCCA,CASTIGLIONE DI GARFAGNANA,0,44.2098,10.4886,618929,4.89625e+06,1535,22.6
6030,Piacenza urbana,urbane,ITALY,EMILIA-ROMAGNA,PIACENZA,PIACENZA,1,45.0549,9.67965,553515,4.98928e+06,71,30.8
6032,Reggio nell'Emilia urbana,urbane,ITALY,EMILIA-ROMAGNA,REGGIO EMILIA,REGGIO NELL'EMILIA,1,44.6978,10.6337,629436,4.95068e+06,72,33
6033,Modena urbana,urbane,ITALY,EMILIA-ROMAGNA,MODENA,MODENA,1,44.6564,10.917,651988,4.94657e+06,73,32.5
6035,Ferrara urbana,urbane,ITALY,EMILIA-ROMAGNA,FERRARA,FERRARA,1,44.8325,11.6211,707187,4.96769e+06,26,32.1
6037,Forli' urbana,urbane,ITALY,EMILIA-ROMAGNA,FORLI-CESENA,FORLI',1,44.2204,12.0418,742974,4.90085e+06,51,33.3
6038,Cesena urbana,urbane,ITALY,EMILIA-ROMAGNA,FORLI-CESENA,CESENA,1,44.1382,12.2436,759456,4.89234e+06,77,34.1
6039,Rimini urbana,urbane,ITALY,EMILIA-ROMAGNA,RIMINI,RIMINI,1,44.0592,12.5735,786227,4.88466e+06,16,36.4
6227,Mezzolara,agrmet,ITALY,EMILIA-ROMAGNA,BOLOGNA,BUDRIO,0,44.5711,11.5338,701187,4.93843e+06,20,32.5
6228,Sant'Antonio Arpa,agrmet,ITALY,EMILIA-ROMAGNA,BOLOGNA,MEDICINA,0,44.5686,11.7327,716990,4.93866e+06,8,34.3
6232,Castel San Pietro Arpa,agrmet,ITALY,EMILIA-ROMAGNA,BOLOGNA,CASTEL SAN PIETRO TERME,0,44.4111,11.597,706771,4.92082e+06,58,32.4
6233,Formigine,agrmet,ITALY,EMILIA-ROMAGNA,MODENA,FORMIGINE,1,44.5512,10.9094,651658,4.93487e+06,90,32.1
6237,Zibello,agrmet,ITALY,EMILIA-ROMAGNA,PARMA,POLESINE ZIBELLO,0,45.0069,10.1679,592034,4.98439e+06,31,32.2
6238,Castelnovo di Sotto,agrmet,ITALY,EMILIA-ROMAGNA,REGGIO EMILIA,CASTELNOVO DI SOTTO,0,44.8369,10.5782,624741,4.96605e+06,23,32.4
6239,Carpineti,agrmet,ITALY,EMILIA-ROMAGNA,REGGIO EMILIA,CARPINETI,0,44.4756,10.5086,619984,4.92581e+06,580,30.2
6240,Montefiorino,agrmet,ITALY,EMILIA-ROMAGNA,MODENA,MONTEFIORINO,0,44.3281,10.6227,629378,4.90959e+06,632,32.3
6242,Pieve di Cusignano,agrmet,ITALY,EMILIA-ROMAGNA,PARMA,FIDENZA,0,44.7804,10.0387,582180,4.95908e+06,277,29.4
6257,Granarolo Faentino,locali,ITALY,EMILIA-ROMAGNA,RAVENNA,FAENZA,0,44.3616,11.9219,732838,4.91619e+06,15,32.2
6259,Cusercoli,agrmet,ITALY,EMILIA-ROMAGNA,FORLI-CESENA,CIVITELLA DI ROMAGNA,0,44.0411,11.9819,738910,4.88076e+06,330,33.9
6260,San Nicolo',agrmet,ITALY,EMILIA-ROMAGNA,PIACENZA,ROTTOFRENO,0,45.0414,9.58959,546435,4.98772e+06,68,31.8
6261,Castellazzo Villanova d'Arda,agrmet,ITALY,EMILIA-ROMAGNA,PIACENZA,VILLANOVA SULL'ARDA,0,45.0025,10.0049,579201,4.98372e+06,41,31.5
6263,San Felice sul Panaro,agrmet,ITALY,EMILIA-ROMAGNA,MODENA,SAN FELICE SUL PANARO,0,44.8261,11.1258,668050,4.96583e+06,16,32.9
6264,Padulle Sala Bolognese,agrmet,ITALY,EMILIA-ROMAGNA,BOLOGNA,SALA BOLOGNESE,0,44.6278,11.2906,681697,4.94415e+06,25,33.1
6265,Sasso Morelli,agrmet,ITALY,EMILIA-ROMAGNA,BOLOGNA,IMOLA,0,44.4195,11.7541,719246,4.92216e+06,19,32.1
6267,Mulazzano,locali,ITALY,EMILIA-ROMAGNA,RIMINI,CORIANO,0,43.9525,12.5362,783747,4.87268e+06,190,36.2
6270,Morciano,agrmet,ITALY,EMILIA-ROMAGNA,RIMINI,MORCIANO DI ROMAGNA,0,43.9118,12.6429,792509,4.86853e+06,65,37.8
6584,Metauro 1,fiduma,ITALY,MARCHE,PESARO E URBINO,CARTOCETO,0,43.7627,12.9676,819372,4.85317e+06,36,36.7
6612,Sant'Angelo in Vado,fiduma,ITALY,MARCHE,PESARO E URBINO,SANT'ANGELO IN VADO,1,43.6669,12.4102,774944,4.84053e+06,352,34.9
6625,Urbino,fiduma,ITALY,MARCHE,PESARO E URBINO,URBINO,0,43.7232,12.6367,792928,4.84756e+06,471,33.5
6640,Sellarino Voghiera,agrmet,ITALY,EMILIA-ROMAGNA,FERRARA,VOGHIERA,0,44.7466,11.7464,717410,4.95847e+06,3,34.1
6643,Mirabello,agrmet,ITALY,EMILIA-ROMAGNA,FERRARA,TERRE DEL RENO,0,44.8319,11.4544,694006,4.9672e+06,10,31.6
70000,Brisighella,agrmet,ITALY,EMILIA-ROMAGNA,RAVENNA,BRISIGHELLA,0,44.2198,11.7554,720101,4.89998e+06,185,32.8
7794,Camaldoli,fiduto,ITALY,TOSCANA,AREZZO,POPPI,0,43.8104,11.8174,726601,4.85467e+06,1111,27.8
8,Loiano,locali,ITALY,EMILIA-ROMAGNA,BOLOGNA,LOIANO,0,44.2609,11.3265,685704,4.90349e+06,741,30.8
8433,Bologna Torre Asinelli,simnbo,ITALY,EMILIA-ROMAGNA,BOLOGNA,BOLOGNA,1,44.4942,11.3468,686582,4.92944e+06,148,32.1
